case,target,ligand,heavy_atoms,torsions,backend,seed,seconds,affinity_kcal_mol,delta_vs_vina_kcal_mol,rmsd_vs_vina_angstrom,speedup_vs_vina
1,ampc,308,16,3,vina,20260717,2.418656792,-7.009,0.0,0.0,1.0
1,ampc,308,16,3,off,20260717,2.962476,-7.02,-0.010999999999999233,0.022616365755797996,0.8164308477098211
1,ampc,308,16,3,on,20260717,1.7681123749999998,-7.006,0.0030000000000001137,0.03972247474667147,1.367931601066929
2,ampc,319,14,1,vina,20260718,1.521726041,-6.812,0.0,0.0,1.0
2,ampc,319,14,1,off,20260718,1.6606228330000001,-6.734,0.07800000000000029,1.1780862507837506,0.9163586160325906
2,ampc,319,14,1,on,20260718,1.181674417,-6.72,0.09200000000000053,1.2067104043638646,1.287770996061092
3,ampc,319,14,2,vina,20260719,1.6302014580000002,-6.911,0.0,0.0,1.0
3,ampc,319,14,2,off,20260719,1.695742,-6.898,0.0129999999999999,0.07794870107962182,0.9613499329497058
3,ampc,319,14,2,on,20260719,1.3108105,-6.91,0.0009999999999994458,0.020599930651756453,1.2436591391356722
4,ampc,212,22,6,vina,20260720,5.083253708,-6.953,0.0,0.0,1.0
4,ampc,212,22,6,off,20260720,5.405480833,-6.858,0.09500000000000064,0.31260307391032166,0.9403888136957528
4,ampc,212,22,6,on,20260720,2.946199125,-6.935,0.018000000000000682,0.6411621196205869,1.7253598593747461
5,ampc,212,22,6,vina,20260721,4.35556975,-6.717,0.0,0.0,1.0
5,ampc,212,22,6,off,20260721,4.635441292,-6.654,0.06299999999999972,0.1683339483937163,0.9396235386514307
5,ampc,212,22,6,on,20260721,2.917729875,-6.688,0.028999999999999915,0.9103038953108913,1.4927940339233767
6,ampc,213,22,5,vina,20260722,3.679860042,-7.831,0.0,0.0,1.0
6,ampc,213,22,5,off,20260722,3.784387166,-7.83,0.001000000000000334,0.6375316034947173,0.9723793789020582
6,ampc,213,22,5,on,20260722,2.513895541,-7.805,0.02600000000000069,0.08814528296563069,1.463807855968507
7,ampc,213,22,5,vina,20260723,3.453846084,-7.538,0.0,0.0,1.0
7,ampc,213,22,5,off,20260723,3.696872584,-7.546,-0.008000000000000007,0.905632676891986,0.9342615969368773
7,ampc,213,22,5,on,20260723,2.601284458,-7.53,0.008000000000000007,0.6421788196161838,1.327746403657635
8,ampc,210,28,5,vina,20260724,5.925901042,-8.603,0.0,0.0,1.0
8,ampc,210,28,5,off,20260724,6.203796542,-8.638,-0.03500000000000014,0.5686533591364258,0.9552055748252486
8,ampc,210,28,5,on,20260724,5.160904167,-8.59,0.0129999999999999,0.8014317545136692,1.1482292346933245
9,ampc,211,29,5,vina,20260725,6.269784584,-8.575,0.0,0.0,1.0
9,ampc,211,29,5,off,20260725,6.694331292,-8.554,0.02099999999999902,0.5581075474160502,0.9365811625565423
9,ampc,211,29,5,on,20260725,5.332122208,-8.535,0.03999999999999915,0.5580523396538208,1.17585162894301
10,ampc,313,8,2,vina,20260726,0.872097083,-4.552,0.0,0.0,1.0
10,ampc,313,8,2,off,20260726,0.917341834,-4.524,0.02799999999999958,0.10816191566351117,0.9506784174414965
10,ampc,313,8,2,on,20260726,0.851106167,-4.543,0.008999999999999453,1.0565844736697567,1.0246630994039079
11,ampc,312,14,2,vina,20260727,1.30732975,-6.588,0.0,0.0,1.0
11,ampc,312,14,2,off,20260727,1.434074458,-6.581,0.006999999999999673,0.07086002298294078,0.9116191580618752
11,ampc,312,14,2,on,20260727,1.390756708,-6.582,0.006000000000000227,1.5165840846172323,0.940013262190212
12,ampc,310,17,3,vina,20260728,2.030988542,-7.097,0.0,0.0,1.0
12,ampc,310,17,3,off,20260728,2.35756425,-7.083,0.014000000000000234,1.1666980303907437,0.8614774939855828
12,ampc,310,17,3,on,20260728,1.5700020829999999,-7.12,-0.022999999999999687,1.371537758696205,1.2936215588447726
13,ampc,317,16,3,vina,20260729,2.156190875,-6.686,0.0,0.0,1.0
13,ampc,317,16,3,off,20260729,2.270608083,-6.689,-0.0030000000000001137,0.073389372527635,0.9496094421328632
13,ampc,317,16,3,on,20260729,1.468859375,-6.695,-0.009000000000000341,0.7506812322817188,1.467935536715351
14,ampc,314,16,1,vina,20260730,1.474223792,-7.321,0.0,0.0,1.0
14,ampc,314,16,1,off,20260730,1.465888542,-7.316,0.004999999999999893,0.01883148958526798,1.0056861417230452
14,ampc,314,16,1,on,20260730,1.211427,-7.311,0.009999999999999787,1.0446369883840037,1.2169315955480604
15,ampc,115,22,5,vina,20260731,3.591902209,-7.443,0.0,0.0,1.0
15,ampc,115,22,5,off,20260731,4.024983666,-7.43,0.0129999999999999,0.6438901303794005,0.8924016858358104
15,ampc,115,22,5,on,20260731,3.39307275,-7.406,0.03699999999999992,0.6533099292344832,1.0585986430735976
16,ampc,114,21,5,vina,20260732,4.18565625,-7.963,0.0,0.0,1.0
16,ampc,114,21,5,off,20260732,4.3286595,-7.968,-0.004999999999999893,0.9235985522478304,0.9669636177204515
16,ampc,114,21,5,on,20260732,3.289362084,-7.953,0.009999999999999787,0.9263091122452449,1.2724826708375228
17,ampc,117,21,5,vina,20260733,4.090767375,-7.314,0.0,0.0,1.0
17,ampc,117,21,5,off,20260733,4.434308875,-7.316,-0.0019999999999997797,0.921665392231962,0.9225264839044394
17,ampc,117,21,5,on,20260733,3.262247791,-7.319,-0.004999999999999893,0.6481529801785115,1.253971996328957
18,ampc,116,22,6,vina,20260734,4.827109042,-7.818,0.0,0.0,1.0
18,ampc,116,22,6,off,20260734,4.982110417,-7.768,0.04999999999999982,0.6414017320043505,0.968888410326856
18,ampc,116,22,6,on,20260734,3.477954666,-7.366,0.45199999999999996,7.827839383194504,1.387916032715764
19,ampc,116,22,6,vina,20260735,5.231444167,-7.834,0.0,0.0,1.0
19,ampc,116,22,6,off,20260735,5.595240791,-7.876,-0.0420000000000007,0.6617214464767406,0.9349810602279762
19,ampc,116,22,6,on,20260735,3.888629625,-7.895,-0.06099999999999994,0.920616863353539,1.345318189566588
20,ampc,111,19,5,vina,20260736,3.950873792,-7.537,0.0,0.0,1.0
20,ampc,111,19,5,off,20260736,3.961324917,-7.534,0.0030000000000001137,1.297160603618128,0.9973617097261704
20,ampc,111,19,5,on,20260736,2.659552417,-7.527,0.009999999999999787,0.06990444605994113,1.4855408627202853
21,cxcr4,CHEMBL1089844,26,7,vina,20260737,9.084604167,-7.229,0.0,0.0,1.0
21,cxcr4,CHEMBL1089844,26,7,off,20260737,11.703110958,-7.201,0.02800000000000047,0.19690606897706273,0.7762554930567377
21,cxcr4,CHEMBL1089844,26,7,on,20260737,6.326851625,-7.403,-0.1739999999999995,1.1460282081371964,1.43588070425154
22,cxcr4,CHEMBL1089844,26,7,vina,20260738,9.238176875,-7.97,0.0,0.0,1.0
22,cxcr4,CHEMBL1089844,26,7,off,20260738,9.018007,-7.972,-0.002000000000000668,0.0467953811001451,1.0244144715123862
22,cxcr4,CHEMBL1089844,26,7,on,20260738,5.906844792,-7.833,0.13699999999999957,0.5446321976978861,1.5639782659452686
23,cxcr4,CHEMBL1089844,26,7,vina,20260739,7.9180125,-7.455,0.0,0.0,1.0
23,cxcr4,CHEMBL1089844,26,7,off,20260739,8.46886525,-7.471,-0.016000000000000014,0.1635717908724814,0.9349555420072364
23,cxcr4,CHEMBL1089844,26,7,on,20260739,5.750728208,-7.642,-0.18700000000000028,1.1308178456320888,1.3768712784904404
24,cxcr4,CHEMBL1089844,26,7,vina,20260740,7.867512833,-7.84,0.0,0.0,1.0
24,cxcr4,CHEMBL1089844,26,7,off,20260740,8.911231708,-7.914,-0.07399999999999984,0.18612495802551537,0.8828760255371871
24,cxcr4,CHEMBL1089844,26,7,on,20260740,5.971397166,-8.002,-0.1620000000000008,0.15681591363516317,1.3175330017899534
25,cxcr4,CHEMBL1089845,26,7,vina,20260741,8.312504042,-7.691,0.0,0.0,1.0
25,cxcr4,CHEMBL1089845,26,7,off,20260741,8.965304541,-7.562,0.12899999999999956,0.22806721343971004,0.9271859091886258
25,cxcr4,CHEMBL1089845,26,7,on,20260741,5.479712542,-7.219,0.47199999999999953,4.994944817590003,1.5169598730385374
26,cxcr4,CHEMBL1089845,26,7,vina,20260742,7.792584292,-7.703,0.0,0.0,1.0
26,cxcr4,CHEMBL1089845,26,7,off,20260742,8.176629333,-7.502,0.2010000000000005,6.443930781989897,0.9530313744992652
26,cxcr4,CHEMBL1089845,26,7,on,20260742,5.139085959,-7.724,-0.020999999999999908,0.08408878092185096,1.516336631488518
27,cxcr4,CHEMBL1089845,26,7,vina,20260743,7.402722291,-7.588,0.0,0.0,1.0
27,cxcr4,CHEMBL1089845,26,7,off,20260743,13.483572125,-7.342,0.24600000000000044,3.039216586809578,0.5490178880175641
27,cxcr4,CHEMBL1089845,26,7,on,20260743,7.406336209,-7.323,0.2649999999999997,3.1063266149040962,0.9995120505067527
28,cxcr4,CHEMBL1089845,26,7,vina,20260744,10.660123209,-7.927,0.0,0.0,1.0
28,cxcr4,CHEMBL1089845,26,7,off,20260744,8.439801584,-8.471,-0.5440000000000005,6.653949755307284,1.2630774672723635
28,cxcr4,CHEMBL1089845,26,7,on,20260744,6.017382959,-7.853,0.07399999999999984,0.26719144677696777,1.7715547243101768
29,cxcr4,CHEMBL1089846,26,5,vina,20260745,9.937401084,-8.072,0.0,0.0,1.0
29,cxcr4,CHEMBL1089846,26,5,off,20260745,9.478087875,-8.032,0.03999999999999915,0.07725631664490833,1.04846053497895
29,cxcr4,CHEMBL1089846,26,5,on,20260745,6.432943667,-8.062,0.009999999999999787,0.06980604999127632,1.5447673100228314
30,cxcr4,CHEMBL1089846,26,5,vina,20260746,8.4992575,-8.081,0.0,0.0,1.0
30,cxcr4,CHEMBL1089846,26,5,off,20260746,9.402960291,-8.154,-0.0730000000000004,0.1164933144334568,0.9038916720870369
30,cxcr4,CHEMBL1089846,26,5,on,20260746,5.829250667,-8.161,-0.08000000000000007,0.1262017615383571,1.4580360299335196
31,cxcr4,CHEMBL1089846,26,5,vina,20260747,8.47953925,-7.68,0.0,0.0,1.0
31,cxcr4,CHEMBL1089846,26,5,off,20260747,7.859776416,-7.711,-0.031000000000000583,0.08434521554074885,1.0788524763552256
31,cxcr4,CHEMBL1089846,26,5,on,20260747,5.802562834,-7.742,-0.06200000000000028,0.1022882428013327,1.4613438048984686
32,cxcr4,CHEMBL1089846,26,5,vina,20260748,8.287841542,-7.967,0.0,0.0,1.0
32,cxcr4,CHEMBL1089846,26,5,off,20260748,9.542460708,-8.302,-0.33499999999999996,1.3662481050729343,0.8685224697914471
32,cxcr4,CHEMBL1089846,26,5,on,20260748,7.589886292,-8.499,-0.5320000000000009,6.427039535611065,1.0919585910971643
33,cxcr4,CHEMBL1093008,30,7,vina,20260749,11.226712791,-8.424,0.0,0.0,1.0
33,cxcr4,CHEMBL1093008,30,7,off,20260749,14.066112834,-8.392,0.03200000000000003,0.10108593703709075,0.7981389687037967
33,cxcr4,CHEMBL1093008,30,7,on,20260749,8.456135041,-8.382,0.041999999999999815,0.12401102101560597,1.32764114297687
34,cxcr4,CHEMBL1093008,30,7,vina,20260750,12.757047958,-8.223,0.0,0.0,1.0
34,cxcr4,CHEMBL1093008,30,7,off,20260750,12.977811417,-8.15,0.0730000000000004,0.25306672374428585,0.9829891611222816
34,cxcr4,CHEMBL1093008,30,7,on,20260750,9.056065083,-8.185,0.038000000000000256,0.2681938353753366,1.4086745005783434
35,cxcr4,CHEMBL1093008,30,7,vina,20260751,10.64171975,-8.518,0.0,0.0,1.0
35,cxcr4,CHEMBL1093008,30,7,off,20260751,11.108275416,-8.444,0.07399999999999984,0.1490262840351773,0.9579992709464163
35,cxcr4,CHEMBL1093008,30,7,on,20260751,8.174550709,-8.516,0.002000000000000668,0.1756456660438853,1.3018109653762011
36,cxcr4,CHEMBL1093008,30,7,vina,20260752,12.362885375,-8.837,0.0,0.0,1.0
36,cxcr4,CHEMBL1093008,30,7,off,20260752,11.30986625,-8.779,0.05799999999999983,0.07961511581770589,1.093106240314734
36,cxcr4,CHEMBL1093008,30,7,on,20260752,9.533319584000001,-8.77,0.06700000000000017,0.09224550576225016,1.296808028522292
37,cxcr4,CHEMBL577268,26,7,vina,20260753,8.987599584,-7.58,0.0,0.0,1.0
37,cxcr4,CHEMBL577268,26,7,off,20260753,9.174718833,-7.644,-0.06400000000000006,0.21402156613115092,0.9796049064384446
37,cxcr4,CHEMBL577268,26,7,on,20260753,5.362546292,-7.593,-0.0129999999999999,0.20109871284444494,1.6759947783402742
38,cxcr4,CHEMBL577268,26,7,vina,20260754,7.248829208,-7.326,0.0,0.0,1.0
38,cxcr4,CHEMBL577268,26,7,off,20260754,7.194420625,-7.312,0.013999999999999346,0.14622651027666725,1.0075626080036153
38,cxcr4,CHEMBL577268,26,7,on,20260754,5.158097166,-7.358,-0.03200000000000003,0.17266408026970956,1.4053301003674812
39,cxcr4,CHEMBL577268,26,7,vina,20260755,7.937391792,-8.077,0.0,0.0,1.0
39,cxcr4,CHEMBL577268,26,7,off,20260755,8.8573625,-8.084,-0.006999999999999673,0.09821953432529125,0.8961349151059358
39,cxcr4,CHEMBL577268,26,7,on,20260755,5.769965125,-8.043,0.034000000000000696,0.17959387945712824,1.375639474424033
40,cxcr4,CHEMBL577268,26,7,vina,20260756,8.441704125,-8.009,0.0,0.0,1.0
40,cxcr4,CHEMBL577268,26,7,off,20260756,12.699761333,-7.977,0.03200000000000003,0.12606301842881984,0.6647136039528909
40,cxcr4,CHEMBL577268,26,7,on,20260756,7.418548083,-8.084,-0.07499999999999929,0.21578470395637125,1.1379186372525665
41,gcr,CHEMBL436848,24,1,vina,20260757,3.429461,-11.183,0.0,0.0,1.0
41,gcr,CHEMBL436848,24,1,off,20260757,4.186416041,-11.165,0.018000000000000682,0.05814350063993935,0.8191878127766804
41,gcr,CHEMBL436848,24,1,on,20260757,2.513972834,-11.169,0.013999999999999346,0.05288588343468092,1.3641599279111383
42,gcr,CHEMBL436848,24,1,vina,20260758,3.105505125,-11.073,0.0,0.0,1.0
42,gcr,CHEMBL436848,24,1,off,20260758,4.401247875,-11.097,-0.023999999999999133,0.0513667369672892,0.7055965065362286
42,gcr,CHEMBL436848,24,1,on,20260758,3.222939959,-11.099,-0.0259999999999998,0.04463229398839692,0.9635628229213313
43,gcr,CHEMBL1393,29,1,vina,20260759,5.887507583,-8.559,0.0,0.0,1.0
43,gcr,CHEMBL1393,29,1,off,20260759,5.666205291,-8.558,0.0009999999999994458,0.03287699122067169,1.0390565255995063
43,gcr,CHEMBL1393,29,1,on,20260759,3.982986375,-8.625,-0.06600000000000072,0.04693759613608822,1.478164128291802
44,gcr,CHEMBL404192,34,4,vina,20260760,11.560130625,-9.107,0.0,0.0,1.0
44,gcr,CHEMBL404192,34,4,off,20260760,13.295567083,-9.052,0.054999999999999716,0.04574738822503129,0.86947255072565
44,gcr,CHEMBL404192,34,4,on,20260760,7.664156917,-9.123,-0.016000000000000014,0.03832024499491829,1.5083368921320326
45,gcr,CHEMBL404192,34,4,vina,20260761,11.377792125,-11.747,0.0,0.0,1.0
45,gcr,CHEMBL404192,34,4,off,20260761,10.638097167,-11.746,0.0009999999999994458,0.01995288568249797,1.069532637875745
45,gcr,CHEMBL404192,34,4,on,20260761,7.918709208,-11.793,-0.045999999999999375,0.09685966197363702,1.4368240866207596
46,gcr,CHEMBL357651,29,2,vina,20260762,3.760559667,-9.659,0.0,0.0,1.0
46,gcr,CHEMBL357651,29,2,off,20260762,3.8045384159999998,-9.725,-0.06599999999999895,0.025518755779851778,0.9884404508007997
46,gcr,CHEMBL357651,29,2,on,20260762,2.06815625,-9.735,-0.07599999999999874,0.027154094121995757,1.818315065411523
47,gcr,CHEMBL357651,29,2,vina,20260763,3.747116958,-9.594,0.0,0.0,1.0
47,gcr,CHEMBL357651,29,2,off,20260763,3.58346675,-9.576,0.017999999999998906,0.04844442247530127,1.0456681251472475
47,gcr,CHEMBL357651,29,2,on,20260763,1.739895583,-9.592,0.0019999999999988916,0.05749422759631153,2.1536447328287744
48,gcr,CHEMBL357651,29,2,vina,20260764,2.583401875,-11.319,0.0,0.0,1.0
48,gcr,CHEMBL357651,29,2,off,20260764,2.9180150830000002,-11.341,-0.021999999999998465,0.026271788986510135,0.8853284858089268
48,gcr,CHEMBL357651,29,2,on,20260764,1.771648375,-11.337,-0.017999999999998906,0.02113992790252902,1.4581910899785628
49,gcr,CHEMBL357651,29,2,vina,20260765,2.893968125,-9.56,0.0,0.0,1.0
49,gcr,CHEMBL357651,29,2,off,20260765,2.99148275,-9.553,0.006999999999999673,0.03795187515243745,0.9674025782030666
49,gcr,CHEMBL357651,29,2,on,20260765,1.760360583,-9.55,0.009999999999999787,0.018129800196704363,1.643963261247369
50,gcr,CHEMBL268568,22,2,vina,20260766,2.561448333,-7.926,0.0,0.0,1.0
50,gcr,CHEMBL268568,22,2,off,20260766,2.728885334,-7.931,-0.004999999999999893,0.042800807129177824,0.9386427128638011
50,gcr,CHEMBL268568,22,2,on,20260766,2.044518083,-7.925,0.001000000000000334,0.021133773057273784,1.2528372110270056
51,gcr,CHEMBL268568,22,2,vina,20260767,2.9682094169999997,-8.629,0.0,0.0,1.0
51,gcr,CHEMBL268568,22,2,off,20260767,2.974522875,-8.631,-0.002000000000000668,0.027212964824609897,0.9978774888392814
51,gcr,CHEMBL268568,22,2,on,20260767,2.036552209,-8.633,-0.0039999999999995595,0.08331102731767967,1.4574678733414195
52,gcr,CHEMBL268568,22,2,vina,20260768,3.547126208,-8.358,0.0,0.0,1.0
52,gcr,CHEMBL268568,22,2,off,20260768,3.406819333,-8.392,-0.03399999999999892,0.05406982018229256,1.041184125509951
52,gcr,CHEMBL268568,22,2,on,20260768,2.310250333,-8.394,-0.03599999999999959,0.06504299277470917,1.535386082335866
53,gcr,CHEMBL268568,22,2,vina,20260769,2.7947441250000002,-8.696,0.0,0.0,1.0
53,gcr,CHEMBL268568,22,2,off,20260769,3.353824292,-8.746,-0.05000000000000071,0.0363149105364825,0.8333006984493511
53,gcr,CHEMBL268568,22,2,on,20260769,2.317599291,-8.733,-0.03700000000000081,0.02196691727451629,1.2058789178323062
54,gcr,CHEMBL231502,27,4,vina,20260770,5.60516525,-9.049,0.0,0.0,1.0
54,gcr,CHEMBL231502,27,4,off,20260770,5.616409166,-9.076,-0.027000000000001023,0.06454054137890036,0.9979980240634767
54,gcr,CHEMBL231502,27,4,on,20260770,4.789597125,-9.044,0.004999999999999005,0.056397399467234134,1.170279066008083
55,gcr,CHEMBL231502,27,4,vina,20260771,6.471402958,-10.027,0.0,0.0,1.0
55,gcr,CHEMBL231502,27,4,off,20260771,6.071545709,-10.037,-0.010000000000001563,1.3037237266980901,1.065857570405388
55,gcr,CHEMBL231502,27,4,on,20260771,4.939473417,-10.019,0.007999999999999119,0.08441936762159308,1.310140254167097
56,gcr,CHEMBL396253,26,4,vina,20260772,5.3370982080000005,-9.344,0.0,0.0,1.0
56,gcr,CHEMBL396253,26,4,off,20260772,6.740969542,-9.351,-0.0070000000000014495,0.1000169216452127,0.7917404424907873
56,gcr,CHEMBL396253,26,4,on,20260772,4.758079583,-9.341,0.0030000000000001137,1.3301251676208752,1.1216916646515873
57,gcr,CHEMBL396253,26,4,vina,20260773,8.0364745,-9.26,0.0,0.0,1.0
57,gcr,CHEMBL396253,26,4,off,20260773,5.773331417,-9.189,0.07099999999999973,0.947839872065384,1.39199950938829
57,gcr,CHEMBL396253,26,4,on,20260773,4.820211416,-9.271,-0.011000000000001009,0.13413125030242706,1.6672452318842441
58,gcr,CHEMBL49632,30,3,vina,20260774,5.279210917,-10.141,0.0,0.0,1.0
58,gcr,CHEMBL49632,30,3,off,20260774,5.795903458,-10.15,-0.009000000000000341,0.037196774053672624,0.9108521139552771
58,gcr,CHEMBL49632,30,3,on,20260774,4.112864042,-10.169,-0.02800000000000047,0.05591302770076596,1.2835850791782628
59,gcr,CHEMBL49632,30,3,vina,20260775,6.885843625,-5.306,0.0,0.0,1.0
59,gcr,CHEMBL49632,30,3,off,20260775,6.958292625,-5.449,-0.1429999999999998,0.04568916720624312,0.9895881067519777
59,gcr,CHEMBL49632,30,3,on,20260775,4.091765166,-5.36,-0.05400000000000027,0.09954680641118818,1.6828540606917126
60,gcr,CHEMBL414449,36,5,vina,20260776,9.6323385,-9.137,0.0,0.0,1.0
60,gcr,CHEMBL414449,36,5,off,20260776,8.135327416,-9.041,0.09600000000000009,0.20772745231298753,1.184013624461602
60,gcr,CHEMBL414449,36,5,on,20260776,6.053613625,-9.144,-0.006999999999999673,0.12769190351084225,1.5911716697974758
61,hivpr,CHEMBL171551,27,7,vina,20260777,7.477690209,-8.69,0.0,0.0,1.0
61,hivpr,CHEMBL171551,27,7,off,20260777,7.018451,-8.805,-0.11500000000000021,1.5757459139040104,1.0654331289055092
61,hivpr,CHEMBL171551,27,7,on,20260777,5.96319125,-8.396,0.2939999999999987,3.4433693985419014,1.2539745742684338
62,hivpr,CHEMBL171551,27,8,vina,20260778,7.65626475,-8.935,0.0,0.0,1.0
62,hivpr,CHEMBL171551,27,8,off,20260778,7.849703667,-8.917,0.018000000000000682,1.3207416407009667,0.9753571694924977
62,hivpr,CHEMBL171551,27,8,on,20260778,6.44069775,-8.801,0.13400000000000034,1.3293993213310873,1.1887321913219728
63,hivpr,CHEMBL171551,27,7,vina,20260779,6.934729417,-8.478,0.0,0.0,1.0
63,hivpr,CHEMBL171551,27,7,off,20260779,7.80336625,-8.36,0.11800000000000033,0.9721943488067867,0.8886843440162763
63,hivpr,CHEMBL171551,27,7,on,20260779,6.396666,-8.459,0.019000000000000128,1.3142843849199626,1.0841162282038799
64,hivpr,CHEMBL171551,27,8,vina,20260780,7.6965397079999995,-8.458,0.0,0.0,1.0
64,hivpr,CHEMBL171551,27,8,off,20260780,7.807468125,-8.423,0.03500000000000014,1.3512342643069104,0.9857920115427945
64,hivpr,CHEMBL171551,27,8,on,20260780,6.478952542,-8.471,-0.0129999999999999,0.9307994970474062,1.1879296318512838
65,hivpr,CHEMBL80556,36,7,vina,20260781,15.94975775,-9.983,0.0,0.0,1.0
65,hivpr,CHEMBL80556,36,7,off,20260781,14.27648975,-10.019,-0.03599999999999959,0.8051260770835835,1.1172044409586046
65,hivpr,CHEMBL80556,36,7,on,20260781,14.985312334,-10.109,-0.12599999999999945,0.2642461499772097,1.0643593803388256
66,hivpr,CHEMBL80556,36,8,vina,20260782,29.351022542,-9.041,0.0,0.0,1.0
66,hivpr,CHEMBL80556,36,8,off,20260782,24.732944542,-9.091,-0.049999999999998934,0.09327468395372163,1.1867176790114036
66,hivpr,CHEMBL80556,36,8,on,20260782,16.3015055,-9.797,-0.7560000000000002,7.625030380631643,1.800509930938587
67,hivpr,CHEMBL80556,36,7,vina,20260783,25.140459584,-8.931,0.0,0.0,1.0
67,hivpr,CHEMBL80556,36,7,off,20260783,26.031193916,-8.968,-0.03700000000000081,0.11903185848054837,0.965782040774837
67,hivpr,CHEMBL80556,36,7,on,20260783,14.356857917,-8.947,-0.016000000000000014,0.8100694243225219,1.7511115405154984
68,hivpr,CHEMBL80556,36,7,vina,20260784,28.370847041,-9.034,0.0,0.0,1.0
68,hivpr,CHEMBL80556,36,7,off,20260784,19.410432042,-9.058,-0.023999999999999133,0.17633207308938426,1.4616288282306953
68,hivpr,CHEMBL80556,36,7,on,20260784,14.203850125,-9.297,-0.2629999999999999,1.6886722677233075,1.997405407077963
69,hivpr,CHEMBL80556,36,8,vina,20260785,14.645807583,-9.257,0.0,0.0,1.0
69,hivpr,CHEMBL80556,36,8,off,20260785,15.372391125,-10.01,-0.7530000000000001,7.039319214242242,0.9527345137076064
69,hivpr,CHEMBL80556,36,8,on,20260785,13.937399042,-10.012,-0.7550000000000008,7.049612889293205,1.0508278868148375
70,hivpr,CHEMBL80556,36,7,vina,20260786,13.552802709,-9.139,0.0,0.0,1.0
70,hivpr,CHEMBL80556,36,7,off,20260786,16.078832416,-9.147,-0.008000000000000895,0.9190604653062218,0.8428971929276186
70,hivpr,CHEMBL80556,36,7,on,20260786,13.1488435,-9.294,-0.15500000000000114,0.4807339007531437,1.0307220333864344
71,hivpr,CHEMBL80362,38,7,vina,20260787,15.245792292,-11.083,0.0,0.0,1.0
71,hivpr,CHEMBL80362,38,7,off,20260787,15.610081458,-11.092,-0.009000000000000341,0.038734589465393834,0.9766632117212108
71,hivpr,CHEMBL80362,38,7,on,20260787,14.435783542,-10.604,0.479000000000001,6.705470731935388,1.0561111731582378
72,hivpr,CHEMBL80362,38,8,vina,20260788,21.126638667,-10.78,0.0,0.0,1.0
72,hivpr,CHEMBL80362,38,8,off,20260788,16.917054625,-10.755,0.02499999999999858,0.04569377476890664,1.2488366997278053
72,hivpr,CHEMBL80362,38,8,on,20260788,15.223692083,-10.783,-0.0030000000000001137,0.03958535082577891,1.3877473711250181
73,hivpr,CHEMBL80362,38,7,vina,20260789,15.328191833,-9.293,0.0,0.0,1.0
73,hivpr,CHEMBL80362,38,7,off,20260789,14.903342333,-9.291,0.0019999999999988916,0.04841922193335565,1.02850699463967
73,hivpr,CHEMBL80362,38,7,on,20260789,13.099647959,-9.238,0.054999999999999716,0.12176876273883765,1.1701224247380555
74,hivpr,CHEMBL80362,38,7,vina,20260790,13.518353,-9.749,0.0,0.0,1.0
74,hivpr,CHEMBL80362,38,7,off,20260790,13.942093125,-9.809,-0.05999999999999872,0.14875757388944524,0.9696071370919064
74,hivpr,CHEMBL80362,38,7,on,20260790,13.485160833,-9.813,-0.06400000000000006,0.12404901408208324,1.0024613845849561
75,hivpr,CHEMBL80362,38,8,vina,20260791,14.215358833,-9.742,0.0,0.0,1.0
75,hivpr,CHEMBL80362,38,8,off,20260791,14.986468458000001,-9.768,-0.0259999999999998,0.051958991927338834,0.9485462751173795
75,hivpr,CHEMBL80362,38,8,on,20260791,14.112631083,-9.725,0.017000000000001236,0.10359816092657466,1.0072791352226125
76,hivpr,CHEMBL80362,38,7,vina,20260792,13.100586291,-10.082,0.0,0.0,1.0
76,hivpr,CHEMBL80362,38,7,off,20260792,14.493674333,-10.124,-0.041999999999999815,0.08117119660258053,0.903883031314693
76,hivpr,CHEMBL80362,38,7,on,20260792,13.482428459,-10.119,-0.036999999999999034,0.05503467806277872,0.9716785318638123
77,hivpr,CHEMBL144742,24,3,vina,20260793,3.344881333,-7.812,0.0,0.0,1.0
77,hivpr,CHEMBL144742,24,3,off,20260793,4.39048075,-7.82,-0.008000000000000007,0.039581666631577334,0.7618485362907012
77,hivpr,CHEMBL144742,24,3,on,20260793,3.9654165409999997,-7.828,-0.016000000000000014,0.04568460718155844,0.8435132345911098
78,hivpr,CHEMBL144742,24,3,vina,20260794,7.117369584,-8.128,0.0,0.0,1.0
78,hivpr,CHEMBL144742,24,3,off,20260794,6.141545958,-8.138,-0.009999999999999787,0.9815922651488244,1.1588889235175206
78,hivpr,CHEMBL144742,24,3,on,20260794,3.688794167,-8.126,0.002000000000000668,0.0363604638767627,1.929456961212984
79,hivpr,CHEMBL124672,30,7,vina,20260795,8.599061958,-9.604,0.0,0.0,1.0
79,hivpr,CHEMBL124672,30,7,off,20260795,8.456036375,-9.571,0.032999999999999474,1.2392373595616517,1.0169140217304233
79,hivpr,CHEMBL124672,30,7,on,20260795,7.123195625,-9.599,0.004999999999999005,0.0438360582169521,1.2071916048213263
80,hivpr,CHEMBL124672,30,7,vina,20260796,8.693575625,-9.355,0.0,0.0,1.0
80,hivpr,CHEMBL124672,30,7,off,20260796,10.791886792,-9.386,-0.030999999999998806,0.8791432382344379,0.8055658655949325
80,hivpr,CHEMBL124672,30,7,on,20260796,8.667564959,-9.358,-0.0030000000000001137,1.2389016102984127,1.0030009196496406
81,hivrt,CHEMBL262184,31,4,vina,20260797,10.128360458,-8.691,0.0,0.0,1.0
81,hivrt,CHEMBL262184,31,4,off,20260797,9.559594083,-8.714,-0.022999999999999687,0.026624025046514246,1.059496916925735
81,hivrt,CHEMBL262184,31,4,on,20260797,7.314795875,-8.723,-0.03200000000000003,0.03452535300326418,1.3846402047411883
82,hivrt,CHEMBL144591,25,3,vina,20260798,4.693055917,-9.423,0.0,0.0,1.0
82,hivrt,CHEMBL144591,25,3,off,20260798,6.446670167,-9.439,-0.016000000000000014,0.0694034581270991,0.7279813912340957
82,hivrt,CHEMBL144591,25,3,on,20260798,3.498355917,-9.446,-0.022999999999999687,0.06761715758592654,1.341503274207877
83,hivrt,CHEMBL301370,20,2,vina,20260799,4.33372225,-9.097,0.0,0.0,1.0
83,hivrt,CHEMBL301370,20,2,off,20260799,3.843246583,-9.109,-0.012000000000000455,0.04609501057598366,1.1276201400059893
83,hivrt,CHEMBL301370,20,2,on,20260799,2.358736709,-9.115,-0.018000000000000682,0.056723892673193874,1.8373064842143008
84,hivrt,CHEMBL56036,25,5,vina,20260800,5.549028208,-9.274,0.0,0.0,1.0
84,hivrt,CHEMBL56036,25,5,off,20260800,9.346552542,-9.184,0.08999999999999986,0.07588043226023414,0.5936978563020633
84,hivrt,CHEMBL56036,25,5,on,20260800,5.770733667,-9.091,0.18299999999999983,1.0311146396012425,0.9615810619942791
85,hivrt,CHEMBL192231,35,6,vina,20260801,12.811162166,-8.688,0.0,0.0,1.0
85,hivrt,CHEMBL192231,35,6,off,20260801,13.262112833,-8.712,-0.023999999999999133,0.5097294240224767,0.9659970720594457
85,hivrt,CHEMBL192231,35,6,on,20260801,9.248036041,-9.554,-0.8659999999999997,0.7883043103486659,1.3852846279148707
86,hivrt,CHEMBL422123,25,2,vina,20260802,3.738087625,-8.311,0.0,0.0,1.0
86,hivrt,CHEMBL422123,25,2,off,20260802,3.7996102499999997,-8.306,0.005000000000000782,0.0402641279552905,0.9838081747989811
86,hivrt,CHEMBL422123,25,2,on,20260802,3.646278375,-8.288,0.022999999999999687,0.0421169799487095,1.0251788921628893
87,hivrt,CHEMBL320379,25,6,vina,20260803,12.147151083,-10.68,0.0,0.0,1.0
87,hivrt,CHEMBL320379,25,6,off,20260803,8.3665445,-10.69,-0.009999999999999787,1.2384903875283009,1.4518719266956628
87,hivrt,CHEMBL320379,25,6,on,20260803,5.306830375,-10.686,-0.006000000000000227,0.7920496954105849,2.288965394527049
88,hivrt,CHEMBL320379,25,6,vina,20260804,6.0836725,-10.513,0.0,0.0,1.0
88,hivrt,CHEMBL320379,25,6,off,20260804,8.607259916,-10.46,0.05299999999999905,0.7776095164026734,0.7068071092742402
88,hivrt,CHEMBL320379,25,6,on,20260804,5.928672791,-10.537,-0.02400000000000091,0.7865202603874867,1.0261440822362968
89,hivrt,CHEMBL420519,22,3,vina,20260805,5.544113083,-9.124,0.0,0.0,1.0
89,hivrt,CHEMBL420519,22,3,off,20260805,4.344857375,-9.066,0.05799999999999983,0.07468874808770837,1.276017278472806
89,hivrt,CHEMBL420519,22,3,on,20260805,2.923066,-9.123,0.0010000000000012221,0.08785111371985088,1.8966773528206342
90,hivrt,CHEMBL420519,22,4,vina,20260806,4.151163,-9.398,0.0,0.0,1.0
90,hivrt,CHEMBL420519,22,4,off,20260806,4.219547917,-9.399,-0.0009999999999994458,0.021895412553982325,0.9837933071634319
90,hivrt,CHEMBL420519,22,4,on,20260806,3.492410958,-9.333,0.0649999999999995,0.04796258011105218,1.1886238618313258
91,hivrt,CHEMBL121835,21,4,vina,20260807,3.588727834,-8.867,0.0,0.0,1.0
91,hivrt,CHEMBL121835,21,4,off,20260807,4.991990416,-8.856,0.011000000000001009,0.09596725632065506,0.718897180270548
91,hivrt,CHEMBL121835,21,4,on,20260807,2.8361082079999997,-8.844,0.023000000000001464,0.06263689769122502,1.2653705609246628
92,hivrt,CHEMBL81319,24,2,vina,20260808,2.662493083,-7.905,0.0,0.0,1.0
92,hivrt,CHEMBL81319,24,2,off,20260808,3.837051291,-7.803,0.10200000000000031,0.20977487933496727,0.6938904072627369
92,hivrt,CHEMBL81319,24,2,on,20260808,2.4531414590000002,-7.837,0.0680000000000005,0.17079312534954902,1.0853402168195143
93,hivrt,CHEMBL340145,20,4,vina,20260809,4.327036334,-9.675,0.0,0.0,1.0
93,hivrt,CHEMBL340145,20,4,off,20260809,4.15640125,-9.682,-0.006999999999999673,0.04884721076991002,1.041053563825196
93,hivrt,CHEMBL340145,20,4,on,20260809,2.610573,-9.582,0.09299999999999997,0.19024786463979032,1.6575044382976456
94,hivrt,CHEMBL156340,24,4,vina,20260810,5.510140583,-10.52,0.0,0.0,1.0
94,hivrt,CHEMBL156340,24,4,off,20260810,6.810565917,-10.488,0.03200000000000003,0.0408992664970901,0.8090576686507093
94,hivrt,CHEMBL156340,24,4,on,20260810,3.463986459,-10.518,0.0019999999999988916,0.017352953639078152,1.590693453400708
95,hivrt,CHEMBL156340,24,4,vina,20260811,4.066000583,-10.301,0.0,0.0,1.0
95,hivrt,CHEMBL156340,24,4,off,20260811,4.358868292,-10.266,0.03500000000000014,0.06844371166635115,0.9328110671438474
95,hivrt,CHEMBL156340,24,4,on,20260811,3.530055083,-10.276,0.025000000000000355,1.6818717251919069,1.1518235515873394
96,hivrt,CHEMBL356998,24,2,vina,20260812,3.137458875,-7.651,0.0,0.0,1.0
96,hivrt,CHEMBL356998,24,2,off,20260812,2.2745414999999998,-7.63,0.020999999999999908,0.020618559600515337,1.3793808004822072
96,hivrt,CHEMBL356998,24,2,on,20260812,2.277478084,-7.594,0.056999999999999496,0.08786969519312827,1.3776022246016923
97,hivrt,CHEMBL352398,35,8,vina,20260813,21.537725916,-8.978,0.0,0.0,1.0
97,hivrt,CHEMBL352398,35,8,off,20260813,19.958668875,-9.82,-0.8420000000000005,6.136607517885712,1.0791163504384758
97,hivrt,CHEMBL352398,35,8,on,20260813,12.925889875,-9.689,-0.7110000000000003,6.557852721301822,1.6662470533387552
98,hivrt,CHEMBL352398,35,8,vina,20260814,25.435369916,-9.428,0.0,0.0,1.0
98,hivrt,CHEMBL352398,35,8,off,20260814,21.840138417,-9.363,0.06500000000000128,0.2770629634474549,1.1646157835795368
98,hivrt,CHEMBL352398,35,8,on,20260814,12.982977459,-8.743,0.6850000000000005,0.5923578792781078,1.9591322557806496
99,hivrt,CHEMBL352398,35,8,vina,20260815,19.704629834,-9.757,0.0,0.0,1.0
99,hivrt,CHEMBL352398,35,8,off,20260815,23.85583,-9.659,0.09799999999999898,0.4753472715514717,0.8259880219636038
99,hivrt,CHEMBL352398,35,8,on,20260815,12.829382166,-9.617,0.1399999999999988,0.477769250939046,1.535898578672054
100,hivrt,CHEMBL352398,35,8,vina,20260816,19.463459583,-10.314,0.0,0.0,1.0
100,hivrt,CHEMBL352398,35,8,off,20260816,22.668304834,-10.352,-0.038000000000000256,0.11294018644524045,0.8586199861670697
100,hivrt,CHEMBL352398,35,8,on,20260816,14.2805825,-10.016,0.29800000000000004,0.8389222337533525,1.3629317699750692
